{"cameraMode":{"drawMode":0,"name":"Shaded","section":"Shading Mode"},"sceneLighting":true,"audioPlay":false,"sceneViewState":{"showFog":true,"showMaterialUpdate":false,"showSkybox":true,"showFlares":true,"showImageEffects":true,"showParticleSystems":true},"in2DMode":false,"pivot":{"x":-13.613954544067383,"y":6.863162517547607,"z":83.9411849975586},"rotation":{"x":-0.09878630936145783,"y":0.3420306146144867,"z":-0.035961102694272998,"w":-0.9339061379432678},"size":40.89481735229492,"orthographic":false}